201tu7862,BMW,Noir,Disponible,2021-02-28,140
271tu8620,BMW,Noir,Disponible,2020-01-17,120
168tu7810,Audi,Gris,Disponible,2019-01-30,120
114tu6621,Golf,Blanc,Disponible,2020-05-19,98
165tu6710,Golf,Bleu,Louée,2021-07-15,96
212tu6812,Rangerover,Noir,Disponible,2022-03-15,210
132tu7410,Astra,Gris,Disponible,2018-11-17,98
124tu6214,Astra,Gris,Disponible,2018-10-17,70
115tu3214,Astra,Gris,Louée,2018-10-21,71
119tu5140,Audi,Bleu,Louée,2020-10-21,99
145tu7531,Audi,Noir,Louée,2021-10-21,103
115tu7532,Audi,Noir,Louée,2021-10-23,104
147tu7565,Golf,Noir,Disponible,2021-06-16,110
137tu7564,Golf,Noir,Louée,2021-06-16,121
156tu7515,Golf,Blanc,Disponible,2017-03-19,106
179tu8534,Kia,Noir,Disponible,2017-03-20,131
168tu8532,Kia,Blanc,Louée,2017-03-20,131
157tu8563,Peugeot,Rouge,Disponible,2017-03-26,115
117tu6146,Peugeot,Blanc,Disponible,2018-04-01,130
169tu6148,Peugeot,Blanc,Louée,2018-04-01,130
170tu6240,Peugeot,Rouge,Disponible,2018-04-01,140
164tu4120,Citroen,Rouge,Louée,2018-05-30,96
147tu4125,Citroen,Rouge,Disponible,2018-09-20,124
204tu9627,Rangerover,Noir,Disponible,2020-03-31,200
220tu9631,BMW,Noir,Disponible,2020-03-31,200
155tu4222,Fiat,Bleu,Disponible,2020-03-31,142
148tu4524,Fiat,Bleu,Disponible,2017-03-15,138
126tu9741,Golf,Gris,Disponible,2017-01-01,45
